Filename,Npofb10,Npofb15,Npofb20,Npofb25,Npofb30,Npofb35,Npofb40,Npofb45,Npofb50,Npofb55,Npofb60,Npofb65,Npofb70,Npofb75,Npofb80,Npofb85,Npofb90,Npofb95,Npofb100,
Acume.csv,0.7717528373266078,0.8284993694829761,0.8701134930643127,0.9016393442622951,0.9293820933165196,0.9482976040353089,0.9646910466582598,0.9798234552332913,0.9836065573770492,0.9911727616645649,0.9949558638083228,0.9962168978562421,0.9974779319041615,0.9974779319041615,0.9987389659520807,1.0,1.0,1.0,1.0,
